Folder,Files,LOC,SLOC-P,SLOC-L,MVG,BLOC,C&SLOC,CLOC,CWORD,HCLOC,HCWORD
Total,1534,128110,101126,46832,2706,19268,79,7716,25134,72,218
C:\Development\Selkie,1534,128110,101126,46832,2706,19268,79,7716,25134,72,218
C:\Development\Selkie\Aco,132,19206,15718,6446,476,2602,19,886,2583,0,19
C:\Development\Selkie\Aco\NuGet.Selkie.Aco,1,39,14,2,0,8,0,17,120,0,0
C:\Development\Selkie\Aco\NuGet.Selkie.Aco\Properties,1,39,14,2,0,8,0,17,120,0,0
C:\Development\Selkie\Aco\NuGet.Selkie.Aco\obj,0,0,0,0,0,0,0,0,0,0,0
C:\Development\Selkie\Aco\NuGet.Selkie.Aco\obj\Debug,0,0,0,0,0,0,0,0,0,0,0
C:\Development\Selkie\Aco\Selkie.Aco.Anthill,28,3492,3148,798,80,297,5,47,305,0,19
C:\Development\Selkie\Aco\Selkie.Aco.Anthill.Tests,16,4458,3396,1573,57,681,0,381,614,0,0
C:\Development\Selkie\Aco\Selkie.Aco.Anthill.Tests\Properties,1,39,14,2,0,8,0,17,120,0,0
C:\Development\Selkie\Aco\Selkie.Aco.Anthill.Tests\obj,0,0,0,0,0,0,0,0,0,0,0
C:\Development\Selkie\Aco\Selkie.Aco.Anthill.Tests\obj\Debug,0,0,0,0,0,0,0,0,0,0,0
C:\Development\Selkie\Aco\Selkie.Aco.Anthill\Interfaces,6,163,125,84,0,36,0,2,6,0,0
C:\Development\Selkie\Aco\Selkie.Aco.Anthill\Properties,1,41,16,3,0,8,0,17,120,0,0
C:\Development\Selkie\Aco\Selkie.Aco.Anthill\TypedFactories,8,132,116,60,0,16,0,0,0,0,0
C:\Development\Selkie\Aco\Selkie.Aco.Anthill\obj,0,0,0,0,0,0,0,0,0,0,0
C:\Development\Selkie\Aco\Selkie.Aco.Anthill\obj\Debug,0,0,0,0,0,0,0,0,0,0,0
C:\Development\Selkie\Aco\Selkie.Aco.Ants,14,967,798,360,57,134,3,35,197,0,0
C:\Development\Selkie\Aco\Selkie.Aco.Ants.Tests,10,2432,1940,812,10,336,0,156,323,0,0
C:\Development\Selkie\Aco\Selkie.Aco.Ants.Tests\Properties,1,39,14,2,0,8,0,17,120,0,0
C:\Development\Selkie\Aco\Selkie.Aco.Ants.Tests\obj,0,0,0,0,0,0,0,0,0,0,0
C:\Development\Selkie\Aco\Selkie.Aco.Ants.Tests\obj\Debug,0,0,0,0,0,0,0,0,0,0,0
C:\Development\Selkie\Aco\Selkie.Aco.Ants\Interfaces,5,48,42,19,0,6,0,0,0,0,0
C:\Development\Selkie\Aco\Selkie.Aco.Ants\Properties,1,41,16,3,0,8,0,17,120,0,0
C:\Development\Selkie\Aco\Selkie.Aco.Ants\obj,0,0,0,0,0,0,0,0,0,0,0
C:\Development\Selkie\Aco\Selkie.Aco.Ants\obj\Debug,0,0,0,0,0,0,0,0,0,0,0
C:\Development\Selkie\Aco\Selkie.Aco.Common,21,1303,1063,560,94,216,2,24,153,0,0
C:\Development\Selkie\Aco\Selkie.Aco.Common.Tests,6,1807,1535,557,13,213,2,59,177,0,0
C:\Development\Selkie\Aco\Selkie.Aco.Common.Tests\Properties,1,39,14,2,0,8,0,17,120,0,0
C:\Development\Selkie\Aco\Selkie.Aco.Common.Tests\obj,0,0,0,0,0,0,0,0,0,0,0
C:\Development\Selkie\Aco\Selkie.Aco.Common.Tests\obj\Debug,0,0,0,0,0,0,0,0,0,0,0
C:\Development\Selkie\Aco\Selkie.Aco.Common\Interfaces,11,235,191,115,0,42,0,2,7,0,0
C:\Development\Selkie\Aco\Selkie.Aco.Common\Properties,1,41,16,3,0,8,0,17,120,0,0
C:\Development\Selkie\Aco\Selkie.Aco.Common\TypedFactories,2,57,46,17,0,7,0,4,13,0,0
C:\Development\Selkie\Aco\Selkie.Aco.Common\obj,0,0,0,0,0,0,0,0,0,0,0
C:\Development\Selkie\Aco\Selkie.Aco.Common\obj\Debug,0,0,0,0,0,0,0,0,0,0,0
C:\Development\Selkie\Aco\Selkie.Aco.Example,4,218,166,82,3,35,0,17,120,0,0
C:\Development\Selkie\Aco\Selkie.Aco.Example\Properties,1,39,14,2,0,8,0,17,120,0,0
C:\Development\Selkie\Aco\Selkie.Aco.Example\obj,0,0,0,0,0,0,0,0,0,0,0
C:\Development\Selkie\Aco\Selkie.Aco.Example\obj\Debug,0,0,0,0,0,0,0,0,0,0,0
C:\Development\Selkie\Aco\Selkie.Aco.Trails,21,1687,1374,655,150,261,7,52,318,0,0
C:\Development\Selkie\Aco\Selkie.Aco.Trails.Tests,11,2803,2284,1047,12,421,0,98,256,0,0
C:\Development\Selkie\Aco\Selkie.Aco.Trails.Tests\Optimizers,1,263,225,89,1,38,0,0,0,0,0
C:\Development\Selkie\Aco\Selkie.Aco.Trails.Tests\Properties,1,39,14,2,0,8,0,17,120,0,0
C:\Development\Selkie\Aco\Selkie.Aco.Trails.Tests\obj,0,0,0,0,0,0,0,0,0,0,0
C:\Development\Selkie\Aco\Selkie.Aco.Trails.Tests\obj\Debug,0,0,0,0,0,0,0,0,0,0,0
C:\Development\Selkie\Aco\Selkie.Aco.Trails\Interfaces,8,92,78,38,0,14,0,0,0,0,0
C:\Development\Selkie\Aco\Selkie.Aco.Trails\Optimizers,2,112,89,51,9,18,2,5,53,0,0
C:\Development\Selkie\Aco\Selkie.Aco.Trails\Properties,1,41,16,3,0,8,0,17,120,0,0
C:\Development\Selkie\Aco\Selkie.Aco.Trails\obj,0,0,0,0,0,0,0,0,0,0,0
C:\Development\Selkie\Aco\Selkie.Aco.Trails\obj\Debug,0,0,0,0,0,0,0,0,0,0,0
C:\Development\Selkie\Aop,44,2610,1930,1022,37,420,1,260,898,0,0
C:\Development\Selkie\Aop\NuGet.Selkie.Aop,1,39,14,2,0,8,0,17,120,0,0
C:\Development\Selkie\Aop\NuGet.Selkie.Aop\Properties,1,39,14,2,0,8,0,17,120,0,0
C:\Development\Selkie\Aop\Properties,1,41,16,3,0,8,0,17,120,0,0
C:\Development\Selkie\Aop\Selkie.Aop,21,683,563,298,20,101,1,19,138,0,0
C:\Development\Selkie\Aop\Selkie.Aop.Example,4,192,143,75,2,32,0,17,120,0,0
C:\Development\Selkie\Aop\Selkie.Aop.Example.Data,5,155,114,52,3,24,0,17,120,0,0
C:\Development\Selkie\Aop\Selkie.Aop.Example.Data\Properties,1,39,14,2,0,8,0,17,120,0,0
C:\Development\Selkie\Aop\Selkie.Aop.Example.Data\obj,0,0,0,0,0,0,0,0,0,0,0
C:\Development\Selkie\Aop\Selkie.Aop.Example.Data\obj\Debug,0,0,0,0,0,0,0,0,0,0,0
C:\Development\Selkie\Aop\Selkie.Aop.Example\Properties,1,39,14,2,0,8,0,17,120,0,0
C:\Development\Selkie\Aop\Selkie.Aop.Example\obj,0,0,0,0,0,0,0,0,0,0,0
C:\Development\Selkie\Aop\Selkie.Aop.Example\obj\Debug,0,0,0,0,0,0,0,0,0,0,0
C:\Development\Selkie\Aop\Selkie.Aop.Tests,12,1500,1080,592,12,247,0,173,280,0,0
C:\Development\Selkie\Aop\Selkie.Aop.Tests\Aspects,6,820,602,347,10,133,0,85,85,0,0
C:\Development\Selkie\Aop\Selkie.Aop.Tests\Messages,1,59,51,21,0,8,0,0,0,0,0
C:\Development\Selkie\Aop\Selkie.Aop.Tests\Properties,1,39,14,2,0,8,0,17,120,0,0
C:\Development\Selkie\Aop\Selkie.Aop.Tests\obj,0,0,0,0,0,0,0,0,0,0,0
C:\Development\Selkie\Aop\Selkie.Aop.Tests\obj\Debug,0,0,0,0,0,0,0,0,0,0,0
C:\Development\Selkie\Aop\Selkie.Aop\Aspects,12,496,421,229,12,73,0,2,8,0,0
C:\Development\Selkie\Aop\Selkie.Aop\Messages,3,30,28,13,0,2,0,0,0,0,0
C:\Development\Selkie\Aop\Selkie.Aop\Properties,1,41,16,3,0,8,0,17,120,0,0
C:\Development\Selkie\Aop\Selkie.Aop\obj,0,0,0,0,0,0,0,0,0,0,0
C:\Development\Selkie\Aop\Selkie.Aop\obj\Debug,0,0,0,0,0,0,0,0,0,0,0
C:\Development\Selkie\Common,28,773,611,274,17,109,1,53,373,0,0
C:\Development\Selkie\Common\NuGet.Selkie.Common,1,39,14,2,0,8,0,17,120,0,0
C:\Development\Selkie\Common\NuGet.Selkie.Common\Properties,1,39,14,2,0,8,0,17,120,0,0
C:\Development\Selkie\Common\NuGet.Selkie.Common\obj,0,0,0,0,0,0,0,0,0,0,0
C:\Development\Selkie\Common\NuGet.Selkie.Common\obj\Debug,0,0,0,0,0,0,0,0,0,0,0
C:\Development\Selkie\Common\Selkie.Common,18,511,425,190,16,68,1,18,130,0,0
C:\Development\Selkie\Common\Selkie.Common.Examples,9,223,172,82,1,33,0,18,123,0,0
C:\Development\Selkie\Common\Selkie.Common.Examples\Properties,1,39,14,2,0,8,0,17,120,0,0
C:\Development\Selkie\Common\Selkie.Common.Examples\obj,0,0,0,0,0,0,0,0,0,0,0
C:\Development\Selkie\Common\Selkie.Common.Examples\obj\Debug,0,0,0,0,0,0,0,0,0,0,0
C:\Development\Selkie\Common\Selkie.Common\Interfaces,7,92,78,40,0,14,0,0,0,0,0
C:\Development\Selkie\Common\Selkie.Common\Properties,1,39,14,2,0,8,0,17,120,0,0
C:\Development\Selkie\Common\Selkie.Common\obj,0,0,0,0,0,0,0,0,0,0,0
C:\Development\Selkie\Common\Selkie.Common\obj\Debug,0,0,0,0,0,0,0,0,0,0,0
C:\Development\Selkie\EasyNetQ,53,2823,2177,1074,77,428,1,218,848,0,0
C:\Development\Selkie\EasyNetQ\NuGet.Selkie.EasyNetQ,1,39,14,2,0,8,0,17,120,0,0
C:\Development\Selkie\EasyNetQ\NuGet.Selkie.EasyNetQ\Properties,1,39,14,2,0,8,0,17,120,0,0
C:\Development\Selkie\EasyNetQ\NuGet.Selkie.EasyNetQ\obj,0,0,0,0,0,0,0,0,0,0,0
C:\Development\Selkie\EasyNetQ\NuGet.Selkie.EasyNetQ\obj\Debug,0,0,0,0,0,0,0,0,0,0,0
C:\Development\Selkie\EasyNetQ\Selkie.EasyNetQ,32,1392,1163,580,67,185,1,44,365,0,0
C:\Development\Selkie\EasyNetQ\Selkie.EasyNetQ.Examples,10,335,260,142,5,58,0,17,120,0,0
C:\Development\Selkie\EasyNetQ\Selkie.EasyNetQ.Examples\Consumer,2,40,38,18,0,2,0,0,0,0,0
C:\Development\Selkie\EasyNetQ\Selkie.EasyNetQ.Examples\Messages,2,12,12,4,0,0,0,0,0,0,0
C:\Development\Selkie\EasyNetQ\Selkie.EasyNetQ.Examples\Properties,1,39,14,2,0,8,0,17,120,0,0
C:\Development\Selkie\EasyNetQ\Selkie.EasyNetQ.Examples\obj,0,0,0,0,0,0,0,0,0,0,0
C:\Development\Selkie\EasyNetQ\Selkie.EasyNetQ.Examples\obj\Debug,0,0,0,0,0,0,0,0,0,0,0
C:\Development\Selkie\EasyNetQ\Selkie.EasyNetQ.Tests,10,1057,740,350,5,177,0,140,243,0,0
C:\Development\Selkie\EasyNetQ\Selkie.EasyNetQ.Tests\Extensions,2,218,146,80,0,39,0,33,33,0,0
C:\Development\Selkie\EasyNetQ\Selkie.EasyNetQ.Tests\InMemoryBus,4,626,451,210,4,103,0,72,72,0,0
C:\Development\Selkie\EasyNetQ\Selkie.EasyNetQ.Tests\Properties,1,39,14,2,0,8,0,17,120,0,0
C:\Development\Selkie\EasyNetQ\Selkie.EasyNetQ.Tests\obj,0,0,0,0,0,0,0,0,0,0,0
C:\Development\Selkie\EasyNetQ\Selkie.EasyNetQ.Tests\obj\Debug,0,0,0,0,0,0,0,0,0,0,0
C:\Development\Selkie\EasyNetQ\Selkie.EasyNetQ\Extensions,2,233,179,92,19,27,1,27,245,0,0
C:\Development\Selkie\EasyNetQ\Selkie.EasyNetQ\InMemoryBus,9,359,302,153,17,57,0,0,0,0,0
C:\Development\Selkie\EasyNetQ\Selkie.EasyNetQ\Installers,5,129,117,56,3,12,0,0,0,0,0
C:\Development\Selkie\EasyNetQ\Selkie.EasyNetQ\Properties,1,41,16,3,0,8,0,17,120,0,0
C:\Development\Selkie\EasyNetQ\Selkie.EasyNetQ\obj,0,0,0,0,0,0,0,0,0,0,0
C:\Development\Selkie\EasyNetQ\Selkie.EasyNetQ\obj\Debug,0,0,0,0,0,0,0,0,0,0,0
C:\Development\Selkie\Geometry,80,14219,11515,5094,409,2269,3,435,1209,0,0
C:\Development\Selkie\Geometry\NuGet.Selkie.Geometry,1,39,14,2,0,8,0,17,120,0,0
C:\Development\Selkie\Geometry\NuGet.Selkie.Geometry\Properties,1,39,14,2,0,8,0,17,120,0,0
C:\Development\Selkie\Geometry\NuGet.Selkie.Geometry\obj,0,0,0,0,0,0,0,0,0,0,0
C:\Development\Selkie\Geometry\NuGet.Selkie.Geometry\obj\Debug,0,0,0,0,0,0,0,0,0,0,0
C:\Development\Selkie\Geometry\Selkie.Geometry,52,4690,3828,1916,407,779,2,83,458,0,0
C:\Development\Selkie\Geometry\Selkie.Geometry.Calculators,1,37,15,3,0,5,0,17,120,0,0
C:\Development\Selkie\Geometry\Selkie.Geometry.Calculators\Properties,1,37,15,3,0,5,0,17,120,0,0
C:\Development\Selkie\Geometry\Selkie.Geometry.Tests,26,9453,7658,3173,2,1477,1,318,511,0,0
C:\Development\Selkie\Geometry\Selkie.Geometry.Tests\Calculators,8,3369,2879,1128,0,484,0,6,29,0,0
C:\Development\Selkie\Geometry\Selkie.Geometry.Tests\Primitives,2,1241,992,475,0,247,0,2,8,0,0
C:\Development\Selkie\Geometry\Selkie.Geometry.Tests\Properties,1,39,14,2,0,8,0,17,120,0,0
C:\Development\Selkie\Geometry\Selkie.Geometry.Tests\Shapes,12,4193,3346,1398,2,677,1,170,231,0,0
C:\Development\Selkie\Geometry\Selkie.Geometry.Tests\Shapes\Calculators,4,604,474,214,2,94,0,36,36,0,0
C:\Development\Selkie\Geometry\Selkie.Geometry.Tests\Surveying,3,611,427,170,0,61,0,123,123,0,0
C:\Development\Selkie\Geometry\Selkie.Geometry.Tests\obj,0,0,0,0,0,0,0,0,0,0,0
C:\Development\Selkie\Geometry\Selkie.Geometry.Tests\obj\Debug,0,0,0,0,0,0,0,0,0,0,0
C:\Development\Selkie\Geometry\Selkie.Geometry\Calculators,16,1483,1201,644,114,252,0,30,140,0,0
C:\Development\Selkie\Geometry\Selkie.Geometry\Primitives,2,485,397,201,71,80,0,8,28,0,0
C:\Development\Selkie\Geometry\Selkie.Geometry\Properties,1,40,16,3,0,8,0,16,118,0,0
C:\Development\Selkie\Geometry\Selkie.Geometry\Shapes,25,2391,1973,966,218,391,2,27,164,0,0
C:\Development\Selkie\Geometry\Selkie.Geometry\Shapes\Calculators,8,466,392,190,37,71,2,3,35,0,0
C:\Development\Selkie\Geometry\Selkie.Geometry\Surveying,6,200,173,85,4,27,0,0,0,0,0
C:\Development\Selkie\Geometry\Selkie.Geometry\obj,0,0,0,0,0,0,0,0,0,0,0
C:\Development\Selkie\Geometry\Selkie.Geometry\obj\Debug,0,0,0,0,0,0,0,0,0,0,0
C:\Development\Selkie\NUnit.Extensions,10,872,776,233,12,92,0,4,6,0,0
C:\Development\Selkie\NUnit.Extensions\NuGet.Selkie.NUnit.Extensions,1,39,39,0,0,0,0,0,0,0,0
C:\Development\Selkie\NUnit.Extensions\NuGet.Selkie.NUnit.Extensions\Properties,1,39,39,0,0,0,0,0,0,0,0
C:\Development\Selkie\NUnit.Extensions\NuGet.Selkie.NUnit.Extensions\obj,0,0,0,0,0,0,0,0,0,0,0
C:\Development\Selkie\NUnit.Extensions\NuGet.Selkie.NUnit.Extensions\obj\Debug,0,0,0,0,0,0,0,0,0,0,0
C:\Development\Selkie\NUnit.Extensions\Selkie.NUnit.Extensions,5,289,256,79,12,33,0,0,0,0,0
C:\Development\Selkie\NUnit.Extensions\Selkie.NUnit.Extensions.Tests,4,544,481,154,0,59,0,4,6,0,0
C:\Development\Selkie\NUnit.Extensions\Selkie.NUnit.Extensions.Tests\Properties,1,39,39,0,0,0,0,0,0,0,0
C:\Development\Selkie\NUnit.Extensions\Selkie.NUnit.Extensions.Tests\obj,0,0,0,0,0,0,0,0,0,0,0
C:\Development\Selkie\NUnit.Extensions\Selkie.NUnit.Extensions.Tests\obj\Debug,0,0,0,0,0,0,0,0,0,0,0
C:\Development\Selkie\NUnit.Extensions\Selkie.NUnit.Extensions\Properties,1,39,39,0,0,0,0,0,0,0,0
C:\Development\Selkie\NUnit.Extensions\Selkie.NUnit.Extensions\obj,0,0,0,0,0,0,0,0,0,0,0
C:\Development\Selkie\NUnit.Extensions\Selkie.NUnit.Extensions\obj\Debug,0,0,0,0,0,0,0,0,0,0,0
C:\Development\Selkie\Racetrack,101,19505,16046,7351,263,3003,2,456,661,0,0
C:\Development\Selkie\Racetrack\NuGet.Selkie.Racetrack,1,39,39,0,0,0,0,0,0,0,0
C:\Development\Selkie\Racetrack\NuGet.Selkie.Racetrack\Properties,1,39,39,0,0,0,0,0,0,0,0
C:\Development\Selkie\Racetrack\NuGet.Selkie.Racetrack\obj,0,0,0,0,0,0,0,0,0,0,0
C:\Development\Selkie\Racetrack\NuGet.Selkie.Racetrack\obj\Debug,0,0,0,0,0,0,0,0,0,0,0
C:\Development\Selkie\Racetrack\Selkie.Racetrack,70,4100,3404,1725,254,681,0,15,55,0,0
C:\Development\Selkie\Racetrack\Selkie.Racetrack.Tests,30,15366,12603,5626,9,2322,2,441,606,0,0
C:\Development\Selkie\Racetrack\Selkie.Racetrack.Tests\Calculators,12,3741,3051,1510,2,628,0,62,99,0,0
C:\Development\Selkie\Racetrack\Selkie.Racetrack.Tests\Converter,3,1863,1557,735,0,302,1,4,19,0,0
C:\Development\Selkie\Racetrack\Selkie.Racetrack.Tests\Properties,1,39,39,0,0,0,0,0,0,0,0
C:\Development\Selkie\Racetrack\Selkie.Racetrack.Tests\Turn,4,3812,3165,1268,0,488,0,159,210,0,0
C:\Development\Selkie\Racetrack\Selkie.Racetrack.Tests\UTurn,6,4304,3582,1558,4,655,1,67,104,0,0
C:\Development\Selkie\Racetrack\Selkie.Racetrack.Tests\obj,0,0,0,0,0,0,0,0,0,0,0
C:\Development\Selkie\Racetrack\Selkie.Racetrack.Tests\obj\Debug,0,0,0,0,0,0,0,0,0,0,0
C:\Development\Selkie\Racetrack\Selkie.Racetrack\Calculators,16,1033,869,452,67,164,0,0,0,0,0
C:\Development\Selkie\Racetrack\Selkie.Racetrack\Converters,3,348,289,150,24,56,0,3,10,0,0
C:\Development\Selkie\Racetrack\Selkie.Racetrack\Interfaces,36,657,532,281,0,125,0,0,0,0,0
C:\Development\Selkie\Racetrack\Selkie.Racetrack\Interfaces\Calculators,18,228,196,94,0,32,0,0,0,0,0
C:\Development\Selkie\Racetrack\Selkie.Racetrack\Interfaces\Converters,4,59,49,25,0,10,0,0,0,0,0
C:\Development\Selkie\Racetrack\Selkie.Racetrack\Interfaces\Turn,3,77,59,33,0,18,0,0,0,0,0
C:\Development\Selkie\Racetrack\Selkie.Racetrack\Interfaces\UTurn,6,177,137,78,0,40,0,0,0,0,0
C:\Development\Selkie\Racetrack\Selkie.Racetrack\Properties,1,41,41,0,0,0,0,0,0,0,0
C:\Development\Selkie\Racetrack\Selkie.Racetrack\Turn,3,571,474,237,42,96,0,1,5,0,0
C:\Development\Selkie\Racetrack\Selkie.Racetrack\UTurn,6,928,760,384,70,167,0,1,4,0,0
C:\Development\Selkie\Racetrack\Selkie.Racetrack\obj,0,0,0,0,0,0,0,0,0,0,0
C:\Development\Selkie\Racetrack\Selkie.Racetrack\obj\Debug,0,0,0,0,0,0,0,0,0,0,0
C:\Development\Selkie\Services,504,27165,21434,9914,551,3965,18,1766,6776,0,9
C:\Development\Selkie\Services\Aco,73,3520,2737,1262,57,500,2,283,1200,0,1
C:\Development\Selkie\Services\Aco.Common,17,394,255,99,0,64,0,75,384,0,0
C:\Development\Selkie\Services\Aco.Common\NuGet.Selkie.Services.Aco.Common,1,39,14,2,0,8,0,17,120,0,0
C:\Development\Selkie\Services\Aco.Common\NuGet.Selkie.Services.Aco.Common\Properties,1,39,14,2,0,8,0,17,120,0,0
C:\Development\Selkie\Services\Aco.Common\Selkie.Services.Aco.Common,11,188,139,53,0,32,0,17,120,0,0
C:\Development\Selkie\Services\Aco.Common\Selkie.Services.Aco.Common.Tests,5,167,102,44,0,24,0,41,144,0,0
C:\Development\Selkie\Services\Aco.Common\Selkie.Services.Aco.Common.Tests\Messages,4,128,88,42,0,16,0,24,24,0,0
C:\Development\Selkie\Services\Aco.Common\Selkie.Services.Aco.Common.Tests\Properties,1,39,14,2,0,8,0,17,120,0,0
C:\Development\Selkie\Services\Aco.Common\Selkie.Services.Aco.Common.Tests\obj,0,0,0,0,0,0,0,0,0,0,0
C:\Development\Selkie\Services\Aco.Common\Selkie.Services.Aco.Common.Tests\obj\Debug,0,0,0,0,0,0,0,0,0,0,0
C:\Development\Selkie\Services\Aco.Common\Selkie.Services.Aco.Common\Messages,10,149,125,51,0,24,0,0,0,0,0
C:\Development\Selkie\Services\Aco.Common\Selkie.Services.Aco.Common\Properties,1,39,14,2,0,8,0,17,120,0,0
C:\Development\Selkie\Services\Aco.Common\Selkie.Services.Aco.Common\obj,0,0,0,0,0,0,0,0,0,0,0
C:\Development\Selkie\Services\Aco.Common\Selkie.Services.Aco.Common\obj\Debug,0,0,0,0,0,0,0,0,0,0,0
C:\Development\Selkie\Services\Aco\NuGet.Selkie.Services.Aco,1,39,14,2,0,8,0,17,120,0,0
C:\Development\Selkie\Services\Aco\NuGet.Selkie.Services.Aco\Properties,1,39,14,2,0,8,0,17,120,0,0
C:\Development\Selkie\Services\Aco\Selkie.Services.Aco,17,664,530,274,14,111,0,23,156,0,0
C:\Development\Selkie\Services\Aco\Selkie.Services.Aco.Console,3,77,47,18,1,11,0,19,128,0,0
C:\Development\Selkie\Services\Aco\Selkie.Services.Aco.Console.Client,5,360,276,137,4,64,0,20,132,0,0
C:\Development\Selkie\Services\Aco\Selkie.Services.Aco.Console.Client\Properties,1,39,14,2,0,8,0,17,120,0,0
C:\Development\Selkie\Services\Aco\Selkie.Services.Aco.Console.Client\obj,0,0,0,0,0,0,0,0,0,0,0
C:\Development\Selkie\Services\Aco\Selkie.Services.Aco.Console.Client\obj\Debug,0,0,0,0,0,0,0,0,0,0,0
C:\Development\Selkie\Services\Aco\Selkie.Services.Aco.Console.Client\obj\Release,0,0,0,0,0,0,0,0,0,0,0
C:\Development\Selkie\Services\Aco\Selkie.Services.Aco.Console\Properties,1,39,14,2,0,8,0,17,120,0,0
C:\Development\Selkie\Services\Aco\Selkie.Services.Aco.Console\obj,0,0,0,0,0,0,0,0,0,0,0
C:\Development\Selkie\Services\Aco\Selkie.Services.Aco.Console\obj\Debug,0,0,0,0,0,0,0,0,0,0,0
C:\Development\Selkie\Services\Aco\Selkie.Services.Aco.Console\obj\Release,0,0,0,0,0,0,0,0,0,0,0
C:\Development\Selkie\Services\Aco\Selkie.Services.Aco.Specflow,29,1171,1003,421,23,138,1,30,172,0,1
C:\Development\Selkie\Services\Aco\Selkie.Services.Aco.Specflow\Properties,1,39,14,2,0,8,0,17,120,0,0
C:\Development\Selkie\Services\Aco\Selkie.Services.Aco.Specflow\Steps,24,747,644,314,17,101,0,2,13,0,0
C:\Development\Selkie\Services\Aco\Selkie.Services.Aco.Specflow\Steps\Common,12,448,380,195,17,67,0,1,9,0,0
C:\Development\Selkie\Services\Aco\Selkie.Services.Aco.Specflow\obj,0,0,0,0,0,0,0,0,0,0,0
C:\Development\Selkie\Services\Aco\Selkie.Services.Aco.Specflow\obj\Debug,0,0,0,0,0,0,0,0,0,0,0
C:\Development\Selkie\Services\Aco\Selkie.Services.Aco.Specflow\obj\Release,0,0,0,0,0,0,0,0,0,0,0
C:\Development\Selkie\Services\Aco\Selkie.Services.Aco.Tests,10,830,588,260,7,116,0,126,259,0,0
C:\Development\Selkie\Services\Aco\Selkie.Services.Aco.Tests\Handlers,4,173,138,67,0,16,0,19,31,0,0
C:\Development\Selkie\Services\Aco\Selkie.Services.Aco.Tests\Handlers\XUnit,4,173,138,67,0,16,0,19,31,0,0
C:\Development\Selkie\Services\Aco\Selkie.Services.Aco.Tests\Properties,1,39,14,2,0,8,0,17,120,0,0
C:\Development\Selkie\Services\Aco\Selkie.Services.Aco.Tests\XUnit,5,618,436,191,7,92,0,90,108,0,0
C:\Development\Selkie\Services\Aco\Selkie.Services.Aco.Tests\obj,0,0,0,0,0,0,0,0,0,0,0
C:\Development\Selkie\Services\Aco\Selkie.Services.Aco.Tests\obj\Debug,0,0,0,0,0,0,0,0,0,0,0
C:\Development\Selkie\Services\Aco\Selkie.Services.Aco.Tests\obj\Release,0,0,0,0,0,0,0,0,0,0,0
C:\Development\Selkie\Services\Aco\Selkie.Services.Aco.Windows.Service,8,379,279,150,8,52,1,48,233,0,0
C:\Development\Selkie\Services\Aco\Selkie.Services.Aco.Windows.Service\Properties,1,39,14,2,0,8,0,17,120,0,0
C:\Development\Selkie\Services\Aco\Selkie.Services.Aco.Windows.Service\obj,0,0,0,0,0,0,0,0,0,0,0
C:\Development\Selkie\Services\Aco\Selkie.Services.Aco.Windows.Service\obj\Debug,0,0,0,0,0,0,0,0,0,0,0
C:\Development\Selkie\Services\Aco\Selkie.Services.Aco.Windows.Service\obj\Release,0,0,0,0,0,0,0,0,0,0,0
C:\Development\Selkie\Services\Aco\Selkie.Services.Aco\Handlers,4,132,115,61,1,17,0,0,0,0,0
C:\Development\Selkie\Services\Aco\Selkie.Services.Aco\Properties,1,41,16,3,0,8,0,17,120,0,0
C:\Development\Selkie\Services\Aco\Selkie.Services.Aco\TypedFactories,1,13,11,6,0,2,0,0,0,0,0
C:\Development\Selkie\Services\Aco\Selkie.Services.Aco\obj,0,0,0,0,0,0,0,0,0,0,0
C:\Development\Selkie\Services\Aco\Selkie.Services.Aco\obj\Debug,0,0,0,0,0,0,0,0,0,0,0
C:\Development\Selkie\Services\Aco\Selkie.Services.Aco\obj\Release,0,0,0,0,0,0,0,0,0,0,0
C:\Development\Selkie\Services\Common,39,1862,1475,716,19,291,1,96,558,0,0
C:\Development\Selkie\Services\Common.Dto,12,244,164,71,0,46,0,34,240,0,0
C:\Development\Selkie\Services\Common.Dto\NuGet.Selkie.Services.Common.Dto,1,39,14,2,0,8,0,17,120,0,0
C:\Development\Selkie\Services\Common.Dto\NuGet.Selkie.Services.Common.Dto\Properties,1,39,14,2,0,8,0,17,120,0,0
C:\Development\Selkie\Services\Common.Dto\Selkie.Services.Common.Dto,11,205,150,69,0,38,0,17,120,0,0
C:\Development\Selkie\Services\Common.Dto\Selkie.Services.Common.Dto\Properties,1,39,14,2,0,8,0,17,120,0,0
C:\Development\Selkie\Services\Common.Dto\Selkie.Services.Common.Dto\obj,0,0,0,0,0,0,0,0,0,0,0
C:\Development\Selkie\Services\Common.Dto\Selkie.Services.Common.Dto\obj\Debug,0,0,0,0,0,0,0,0,0,0,0
C:\Development\Selkie\Services\Common\NuGet.Selkie.Services.Common,1,39,14,2,0,8,0,17,120,0,0
C:\Development\Selkie\Services\Common\NuGet.Selkie.Services.Common\Properties,1,39,14,2,0,8,0,17,120,0,0
C:\Development\Selkie\Services\Common\Selkie.Services.Common,23,768,642,337,17,103,1,23,146,0,0
C:\Development\Selkie\Services\Common\Selkie.Services.Common.Example,4,140,101,45,1,22,0,17,120,0,0
C:\Development\Selkie\Services\Common\Selkie.Services.Common.Example\Properties,1,39,14,2,0,8,0,17,120,0,0
C:\Development\Selkie\Services\Common\Selkie.Services.Common.Example\obj,0,0,0,0,0,0,0,0,0,0,0
C:\Development\Selkie\Services\Common\Selkie.Services.Common.Example\obj\Debug,0,0,0,0,0,0,0,0,0,0,0
C:\Development\Selkie\Services\Common\Selkie.Services.Common.Tests,11,915,718,332,1,158,0,39,172,0,0
C:\Development\Selkie\Services\Common\Selkie.Services.Common.Tests\Messages,5,222,188,81,0,29,0,5,20,0,0
C:\Development\Selkie\Services\Common\Selkie.Services.Common.Tests\Properties,1,39,14,2,0,8,0,17,120,0,0
C:\Development\Selkie\Services\Common\Selkie.Services.Common.Tests\obj,0,0,0,0,0,0,0,0,0,0,0
C:\Development\Selkie\Services\Common\Selkie.Services.Common.Tests\obj\Debug,0,0,0,0,0,0,0,0,0,0,0
C:\Development\Selkie\Services\Common\Selkie.Services.Common\Messages,7,72,64,31,0,8,0,0,0,0,0
C:\Development\Selkie\Services\Common\Selkie.Services.Common\Properties,1,41,16,3,0,8,0,17,120,0,0
C:\Development\Selkie\Services\Common\Selkie.Services.Common\obj,0,0,0,0,0,0,0,0,0,0,0
C:\Development\Selkie\Services\Common\Selkie.Services.Common\obj\Debug,0,0,0,0,0,0,0,0,0,0,0
C:\Development\Selkie\Services\Lines,106,6677,5213,2526,181,1054,2,410,1630,0,1
C:\Development\Selkie\Services\Lines.Common,20,775,578,235,2,111,1,86,434,0,1
C:\Development\Selkie\Services\Lines.Common\NuGet.Selkie.Services.Lines.Common,1,39,14,2,0,8,0,17,120,0,0
C:\Development\Selkie\Services\Lines.Common\NuGet.Selkie.Services.Lines.Common\Properties,1,39,14,2,0,8,0,17,120,0,0
C:\Development\Selkie\Services\Lines.Common\Selkie.Services.Lines.Common,9,195,155,46,0,23,0,17,120,0,0
C:\Development\Selkie\Services\Lines.Common\Selkie.Services.Lines.Common.Tests,9,461,355,163,1,66,0,40,147,0,0
C:\Development\Selkie\Services\Lines.Common\Selkie.Services.Lines.Common.Tests\Dto,1,106,88,38,0,13,0,5,9,0,0
C:\Development\Selkie\Services\Lines.Common\Selkie.Services.Lines.Common.Tests\Messages,7,316,253,123,1,45,0,18,18,0,0
C:\Development\Selkie\Services\Lines.Common\Selkie.Services.Lines.Common.Tests\Properties,1,39,14,2,0,8,0,17,120,0,0
C:\Development\Selkie\Services\Lines.Common\Selkie.Services.Lines.Common.Tests\obj,0,0,0,0,0,0,0,0,0,0,0
C:\Development\Selkie\Services\Lines.Common\Selkie.Services.Lines.Common.Tests\obj\Debug,0,0,0,0,0,0,0,0,0,0,0
C:\Development\Selkie\Services\Lines.Common\Selkie.Services.Lines.Common\Dto,1,30,23,10,0,7,0,0,0,0,0
C:\Development\Selkie\Services\Lines.Common\Selkie.Services.Lines.Common\Messages,6,79,72,29,0,7,0,0,0,0,0
C:\Development\Selkie\Services\Lines.Common\Selkie.Services.Lines.Common\Properties,1,39,14,2,0,8,0,17,120,0,0
C:\Development\Selkie\Services\Lines.Common\Selkie.Services.Lines.Common\obj,0,0,0,0,0,0,0,0,0,0,0
C:\Development\Selkie\Services\Lines.Common\Selkie.Services.Lines.Common\obj\Debug,0,0,0,0,0,0,0,0,0,0,0
C:\Development\Selkie\Services\Lines.Common\packages,1,80,54,24,1,14,1,12,47,0,1
C:\Development\Selkie\Services\Lines.Common\packages\SpecFlow.NUnit.Runners.1.0.0,1,80,54,24,1,14,1,12,47,0,1
C:\Development\Selkie\Services\Lines.Common\packages\SpecFlow.NUnit.Runners.1.0.0\content,1,80,54,24,1,14,1,12,47,0,1
C:\Development\Selkie\Services\Lines\NuGet.Selkie.Services.Lines,1,39,14,2,0,8,0,17,120,0,0
C:\Development\Selkie\Services\Lines\NuGet.Selkie.Services.Lines\Properties,1,39,14,2,0,8,0,17,120,0,0
C:\Development\Selkie\Services\Lines\Selkie.GeoJSON,14,476,380,216,22,78,0,18,124,0,0
C:\Development\Selkie\Services\Lines\Selkie.GeoJSON.Tests,1,39,14,2,0,8,0,17,120,0,0
C:\Development\Selkie\Services\Lines\Selkie.GeoJSON.Tests\Properties,1,39,14,2,0,8,0,17,120,0,0
C:\Development\Selkie\Services\Lines\Selkie.GeoJSON.Tests\obj,0,0,0,0,0,0,0,0,0,0,0
C:\Development\Selkie\Services\Lines\Selkie.GeoJSON.Tests\obj\Debug,0,0,0,0,0,0,0,0,0,0,0
C:\Development\Selkie\Services\Lines\Selkie.GeoJSON\Importer,13,437,366,214,22,70,0,1,4,0,0
C:\Development\Selkie\Services\Lines\Selkie.GeoJSON\Importer\Interfaces,6,74,67,41,0,7,0,0,0,0,0
C:\Development\Selkie\Services\Lines\Selkie.GeoJSON\Properties,1,39,14,2,0,8,0,17,120,0,0
C:\Development\Selkie\Services\Lines\Selkie.GeoJSON\obj,0,0,0,0,0,0,0,0,0,0,0
C:\Development\Selkie\Services\Lines\Selkie.GeoJSON\obj\Debug,0,0,0,0,0,0,0,0,0,0,0
C:\Development\Selkie\Services\Lines\Selkie.Services.Lines,31,1914,1544,778,93,319,0,51,266,0,0
C:\Development\Selkie\Services\Lines\Selkie.Services.Lines.Console,3,77,47,18,1,11,0,19,128,0,0
C:\Development\Selkie\Services\Lines\Selkie.Services.Lines.Console.Client,5,297,227,109,5,49,0,21,136,0,0
C:\Development\Selkie\Services\Lines\Selkie.Services.Lines.Console.Client\Properties,1,39,14,2,0,8,0,17,120,0,0
C:\Development\Selkie\Services\Lines\Selkie.Services.Lines.Console.Client\obj,0,0,0,0,0,0,0,0,0,0,0
C:\Development\Selkie\Services\Lines\Selkie.Services.Lines.Console.Client\obj\Debug,0,0,0,0,0,0,0,0,0,0,0
C:\Development\Selkie\Services\Lines\Selkie.Services.Lines.Console\Properties,1,39,14,2,0,8,0,17,120,0,0
C:\Development\Selkie\Services\Lines\Selkie.Services.Lines.Console\obj,0,0,0,0,0,0,0,0,0,0,0
C:\Development\Selkie\Services\Lines\Selkie.Services.Lines.Console\obj\Debug,0,0,0,0,0,0,0,0,0,0,0
C:\Development\Selkie\Services\Lines\Selkie.Services.Lines.Specflow,26,1101,933,404,27,138,1,30,172,0,1
C:\Development\Selkie\Services\Lines\Selkie.Services.Lines.Specflow\Properties,1,39,14,2,0,8,0,17,120,0,0
C:\Development\Selkie\Services\Lines\Selkie.Services.Lines.Specflow\Steps,21,675,579,287,21,95,0,1,9,0,0
C:\Development\Selkie\Services\Lines\Selkie.Services.Lines.Specflow\Steps\Common,12,466,393,201,18,72,0,1,9,0,0
C:\Development\Selkie\Services\Lines\Selkie.Services.Lines.Specflow\obj,0,0,0,0,0,0,0,0,0,0,0
C:\Development\Selkie\Services\Lines\Selkie.Services.Lines.Specflow\obj\Debug,0,0,0,0,0,0,0,0,0,0,0
C:\Development\Selkie\Services\Lines\Selkie.Services.Lines.Tests,17,2355,1775,847,25,391,0,189,331,0,0
C:\Development\Selkie\Services\Lines\Selkie.Services.Lines.Tests\GeoJson,6,1088,801,386,20,185,0,102,111,0,0
C:\Development\Selkie\Services\Lines\Selkie.Services.Lines.Tests\GeoJson\XUnit,6,1088,801,386,20,185,0,102,111,0,0
C:\Development\Selkie\Services\Lines\Selkie.Services.Lines.Tests\GeoJson\XUnit\Importer,6,1088,801,386,20,185,0,102,111,0,0
C:\Development\Selkie\Services\Lines\Selkie.Services.Lines.Tests\Handlers,3,235,186,88,2,29,0,20,26,0,0
C:\Development\Selkie\Services\Lines\Selkie.Services.Lines.Tests\Handlers\XUnit,3,235,186,88,2,29,0,20,26,0,0
C:\Development\Selkie\Services\Lines\Selkie.Services.Lines.Tests\Properties,1,39,14,2,0,8,0,17,120,0,0
C:\Development\Selkie\Services\Lines\Selkie.Services.Lines.Tests\XUnit,7,993,774,371,3,169,0,50,74,0,0
C:\Development\Selkie\Services\Lines\Selkie.Services.Lines.Tests\obj,0,0,0,0,0,0,0,0,0,0,0
C:\Development\Selkie\Services\Lines\Selkie.Services.Lines.Tests\obj\Debug,0,0,0,0,0,0,0,0,0,0,0
C:\Development\Selkie\Services\Lines\Selkie.Services.Lines.Windows.Service,8,379,279,150,8,52,1,48,233,0,0
C:\Development\Selkie\Services\Lines\Selkie.Services.Lines.Windows.Service\Properties,1,39,14,2,0,8,0,17,120,0,0
C:\Development\Selkie\Services\Lines\Selkie.Services.Lines.Windows.Service\obj,0,0,0,0,0,0,0,0,0,0,0
C:\Development\Selkie\Services\Lines\Selkie.Services.Lines.Windows.Service\obj\Debug,0,0,0,0,0,0,0,0,0,0,0
C:\Development\Selkie\Services\Lines\Selkie.Services.Lines\GeoJson,12,398,331,197,20,67,0,0,0,0,0
C:\Development\Selkie\Services\Lines\Selkie.Services.Lines\GeoJson\Importer,12,398,331,197,20,67,0,0,0,0,0
C:\Development\Selkie\Services\Lines\Selkie.Services.Lines\GeoJson\Importer\Interfaces,6,75,67,41,0,8,0,0,0,0,0
C:\Development\Selkie\Services\Lines\Selkie.Services.Lines\Handlers,3,123,106,62,0,17,0,0,0,0,0
C:\Development\Selkie\Services\Lines\Selkie.Services.Lines\Properties,1,41,16,3,0,8,0,17,120,0,0
C:\Development\Selkie\Services\Lines\Selkie.Services.Lines\obj,0,0,0,0,0,0,0,0,0,0,0
C:\Development\Selkie\Services\Lines\Selkie.Services.Lines\obj\Debug,0,0,0,0,0,0,0,0,0,0,0
C:\Development\Selkie\Services\Monitor,107,5185,4218,1823,92,663,3,304,541,0,3
C:\Development\Selkie\Services\Monitor\Selkie.Services.Aco.Console,3,77,72,16,1,3,0,2,8,0,0
C:\Development\Selkie\Services\Monitor\Selkie.Services.Aco.Console\Properties,1,39,39,0,0,0,0,0,0,0,0
C:\Development\Selkie\Services\Monitor\Selkie.Services.Aco.Console\obj,0,0,0,0,0,0,0,0,0,0,0
C:\Development\Selkie\Services\Monitor\Selkie.Services.Aco.Console\obj\Debug,0,0,0,0,0,0,0,0,0,0,0
C:\Development\Selkie\Services\Monitor\Selkie.Services.Aco.Console\obj\Release,0,0,0,0,0,0,0,0,0,0,0
C:\Development\Selkie\Services\Monitor\Selkie.Services.Lines.Console,3,77,72,16,1,3,0,2,8,0,0
C:\Development\Selkie\Services\Monitor\Selkie.Services.Lines.Console\Properties,1,39,39,0,0,0,0,0,0,0,0
C:\Development\Selkie\Services\Monitor\Selkie.Services.Lines.Console\obj,0,0,0,0,0,0,0,0,0,0,0
C:\Development\Selkie\Services\Monitor\Selkie.Services.Lines.Console\obj\Debug,0,0,0,0,0,0,0,0,0,0,0
C:\Development\Selkie\Services\Monitor\Selkie.Services.Lines.Console\obj\Release,0,0,0,0,0,0,0,0,0,0,0
C:\Development\Selkie\Services\Monitor\Selkie.Services.Monitor,41,1549,1330,669,65,212,0,7,43,0,0
C:\Development\Selkie\Services\Monitor\Selkie.Services.Monitor.Common,4,70,66,12,0,4,0,0,0,0,0
C:\Development\Selkie\Services\Monitor\Selkie.Services.Monitor.Common.Tests,2,102,85,20,0,7,0,10,13,0,0
C:\Development\Selkie\Services\Monitor\Selkie.Services.Monitor.Common.Tests\Messages,1,63,46,20,0,7,0,10,13,0,0
C:\Development\Selkie\Services\Monitor\Selkie.Services.Monitor.Common.Tests\Messages\XUnit,1,63,46,20,0,7,0,10,13,0,0
C:\Development\Selkie\Services\Monitor\Selkie.Services.Monitor.Common.Tests\Properties,1,39,39,0,0,0,0,0,0,0,0
C:\Development\Selkie\Services\Monitor\Selkie.Services.Monitor.Common.Tests\obj,0,0,0,0,0,0,0,0,0,0,0
C:\Development\Selkie\Services\Monitor\Selkie.Services.Monitor.Common.Tests\obj\Debug,0,0,0,0,0,0,0,0,0,0,0
C:\Development\Selkie\Services\Monitor\Selkie.Services.Monitor.Common.Tests\obj\Release,0,0,0,0,0,0,0,0,0,0,0
C:\Development\Selkie\Services\Monitor\Selkie.Services.Monitor.Common\Messages,3,31,27,12,0,4,0,0,0,0,0
C:\Development\Selkie\Services\Monitor\Selkie.Services.Monitor.Common\Properties,1,39,39,0,0,0,0,0,0,0,0
C:\Development\Selkie\Services\Monitor\Selkie.Services.Monitor.Common\obj,0,0,0,0,0,0,0,0,0,0,0
C:\Development\Selkie\Services\Monitor\Selkie.Services.Monitor.Common\obj\Debug,0,0,0,0,0,0,0,0,0,0,0
C:\Development\Selkie\Services\Monitor\Selkie.Services.Monitor.Common\obj\Release,0,0,0,0,0,0,0,0,0,0,0
C:\Development\Selkie\Services\Monitor\Selkie.Services.Monitor.Console,3,77,72,16,1,3,0,2,8,0,0
C:\Development\Selkie\Services\Monitor\Selkie.Services.Monitor.Console\Properties,1,39,39,0,0,0,0,0,0,0,0
C:\Development\Selkie\Services\Monitor\Selkie.Services.Monitor.Console\obj,0,0,0,0,0,0,0,0,0,0,0
C:\Development\Selkie\Services\Monitor\Selkie.Services.Monitor.Console\obj\Debug,0,0,0,0,0,0,0,0,0,0,0
C:\Development\Selkie\Services\Monitor\Selkie.Services.Monitor.Console\obj\Release,0,0,0,0,0,0,0,0,0,0,0
C:\Development\Selkie\Services\Monitor\Selkie.Services.Monitor.SpecFlow,29,1113,965,397,19,123,2,25,99,0,2
C:\Development\Selkie\Services\Monitor\Selkie.Services.Monitor.SpecFlow\Properties,1,39,39,0,0,0,0,0,0,0,0
C:\Development\Selkie\Services\Monitor\Selkie.Services.Monitor.SpecFlow\Steps,24,652,568,284,17,83,0,1,9,0,0
C:\Development\Selkie\Services\Monitor\Selkie.Services.Monitor.SpecFlow\Steps\Common,14,471,403,205,14,67,0,1,9,0,0
C:\Development\Selkie\Services\Monitor\Selkie.Services.Monitor.SpecFlow\obj,0,0,0,0,0,0,0,0,0,0,0
C:\Development\Selkie\Services\Monitor\Selkie.Services.Monitor.SpecFlow\obj\Debug,0,0,0,0,0,0,0,0,0,0,0
C:\Development\Selkie\Services\Monitor\Selkie.Services.Monitor.SpecFlow\obj\Release,0,0,0,0,0,0,0,0,0,0,0
C:\Development\Selkie\Services\Monitor\Selkie.Services.Monitor.Tests,18,1964,1430,637,3,291,0,243,310,0,0
C:\Development\Selkie\Services\Monitor\Selkie.Services.Monitor.Tests\Configuration,6,598,419,197,2,93,0,86,111,0,0
C:\Development\Selkie\Services\Monitor\Selkie.Services.Monitor.Tests\Configuration\XUnit,6,598,419,197,2,93,0,86,111,0,0
C:\Development\Selkie\Services\Monitor\Selkie.Services.Monitor.Tests\Properties,1,39,39,0,0,0,0,0,0,0,0
C:\Development\Selkie\Services\Monitor\Selkie.Services.Monitor.Tests\XUnit,11,1327,972,440,1,198,0,157,199,0,0
C:\Development\Selkie\Services\Monitor\Selkie.Services.Monitor.Tests\obj,0,0,0,0,0,0,0,0,0,0,0
C:\Development\Selkie\Services\Monitor\Selkie.Services.Monitor.Tests\obj\Debug,0,0,0,0,0,0,0,0,0,0,0
C:\Development\Selkie\Services\Monitor\Selkie.Services.Monitor.Tests\obj\Release,0,0,0,0,0,0,0,0,0,0,0
C:\Development\Selkie\Services\Monitor\Selkie.Services.Monitor\Configuration,18,549,473,227,27,74,0,2,16,0,0
C:\Development\Selkie\Services\Monitor\Selkie.Services.Monitor\Properties,1,41,41,0,0,0,0,0,0,0,0
C:\Development\Selkie\Services\Monitor\Selkie.Services.Monitor\obj,0,0,0,0,0,0,0,0,0,0,0
C:\Development\Selkie\Services\Monitor\Selkie.Services.Monitor\obj\Debug,0,0,0,0,0,0,0,0,0,0,0
C:\Development\Selkie\Services\Monitor\Selkie.Services.Monitor\obj\Release,0,0,0,0,0,0,0,0,0,0,0
C:\Development\Selkie\Services\Monitor\Selkie.Services.Racetracks.Console,3,77,72,16,1,3,0,2,8,0,0
C:\Development\Selkie\Services\Monitor\Selkie.Services.Racetracks.Console\Properties,1,39,39,0,0,0,0,0,0,0,0
C:\Development\Selkie\Services\Monitor\Selkie.Services.Racetracks.Console\obj,0,0,0,0,0,0,0,0,0,0,0
C:\Development\Selkie\Services\Monitor\Selkie.Services.Racetracks.Console\obj\Debug,0,0,0,0,0,0,0,0,0,0,0
C:\Development\Selkie\Services\Monitor\Selkie.Services.Racetracks.Console\obj\Release,0,0,0,0,0,0,0,0,0,0,0
C:\Development\Selkie\Services\Monitor\packages,1,79,54,24,1,14,1,11,44,0,1
C:\Development\Selkie\Services\Monitor\packages\SpecFlow.NUnit.Runners.1.0.0,1,79,54,24,1,14,1,11,44,0,1
C:\Development\Selkie\Services\Monitor\packages\SpecFlow.NUnit.Runners.1.0.0\content,1,79,54,24,1,14,1,11,44,0,1
C:\Development\Selkie\Services\Racetracks,119,8139,6560,3091,198,1179,8,400,1394,0,3
C:\Development\Selkie\Services\Racetracks.Common,11,369,234,91,2,57,1,78,395,0,0
C:\Development\Selkie\Services\Racetracks.Common\NuGet.Selkie.Services.Racetracks.Common,1,39,14,2,0,8,0,17,120,0,0
C:\Development\Selkie\Services\Racetracks.Common\NuGet.Selkie.Services.Racetracks.Common\Properties,1,39,14,2,0,8,0,17,120,0,0
C:\Development\Selkie\Services\Racetracks.Common\Selkie.Services.Racetracks.Common,6,107,73,26,0,17,1,17,128,0,0
C:\Development\Selkie\Services\Racetracks.Common\Selkie.Services.Racetracks.Common.Tests,4,223,147,63,2,32,0,44,147,0,0
C:\Development\Selkie\Services\Racetracks.Common\Selkie.Services.Racetracks.Common.Tests\Messages,3,184,133,61,2,24,0,27,27,0,0
C:\Development\Selkie\Services\Racetracks.Common\Selkie.Services.Racetracks.Common.Tests\Properties,1,39,14,2,0,8,0,17,120,0,0
C:\Development\Selkie\Services\Racetracks.Common\Selkie.Services.Racetracks.Common.Tests\obj,0,0,0,0,0,0,0,0,0,0,0
C:\Development\Selkie\Services\Racetracks.Common\Selkie.Services.Racetracks.Common.Tests\obj\Debug,0,0,0,0,0,0,0,0,0,0,0
C:\Development\Selkie\Services\Racetracks.Common\Selkie.Services.Racetracks.Common\Messages,5,68,59,24,0,9,1,0,8,0,0
C:\Development\Selkie\Services\Racetracks.Common\Selkie.Services.Racetracks.Common\Properties,1,39,14,2,0,8,0,17,120,0,0
C:\Development\Selkie\Services\Racetracks.Common\Selkie.Services.Racetracks.Common\obj,0,0,0,0,0,0,0,0,0,0,0
C:\Development\Selkie\Services\Racetracks.Common\Selkie.Services.Racetracks.Common\obj\Debug,0,0,0,0,0,0,0,0,0,0,0
C:\Development\Selkie\Services\Racetracks\NuGet.Selkie.Services.Racetracks,1,39,14,2,0,8,0,17,120,0,0
C:\Development\Selkie\Services\Racetracks\NuGet.Selkie.Services.Racetracks\Properties,1,39,14,2,0,8,0,17,120,0,0
C:\Development\Selkie\Services\Racetracks\Selkie.Services.Racetracks,52,2263,1905,1011,113,336,4,22,191,0,0
C:\Development\Selkie\Services\Racetracks\Selkie.Services.Racetracks.Console,3,75,47,18,1,11,0,17,120,0,0
C:\Development\Selkie\Services\Racetracks\Selkie.Services.Racetracks.Console.Client,4,317,249,121,11,51,0,17,120,0,0
C:\Development\Selkie\Services\Racetracks\Selkie.Services.Racetracks.Console.Client\Properties,1,39,14,2,0,8,0,17,120,0,0
C:\Development\Selkie\Services\Racetracks\Selkie.Services.Racetracks.Console.Client\obj,0,0,0,0,0,0,0,0,0,0,0
C:\Development\Selkie\Services\Racetracks\Selkie.Services.Racetracks.Console.Client\obj\Debug,0,0,0,0,0,0,0,0,0,0,0
C:\Development\Selkie\Services\Racetracks\Selkie.Services.Racetracks.Console.Client\obj\Release,0,0,0,0,0,0,0,0,0,0,0
C:\Development\Selkie\Services\Racetracks\Selkie.Services.Racetracks.Console\Properties,1,39,14,2,0,8,0,17,120,0,0
C:\Development\Selkie\Services\Racetracks\Selkie.Services.Racetracks.Console\obj,0,0,0,0,0,0,0,0,0,0,0
C:\Development\Selkie\Services\Racetracks\Selkie.Services.Racetracks.Console\obj\Debug,0,0,0,0,0,0,0,0,0,0,0
C:\Development\Selkie\Services\Racetracks\Selkie.Services.Racetracks.Console\obj\Release,0,0,0,0,0,0,0,0,0,0,0
C:\Development\Selkie\Services\Racetracks\Selkie.Services.Racetracks.SpecFlow,25,1204,1019,420,24,143,2,42,231,0,2
C:\Development\Selkie\Services\Racetracks\Selkie.Services.Racetracks.SpecFlow\Properties,1,39,14,2,0,8,0,17,120,0,0
C:\Development\Selkie\Services\Racetracks\Selkie.Services.Racetracks.SpecFlow\Steps,21,728,628,305,22,97,0,3,29,0,0
C:\Development\Selkie\Services\Racetracks\Selkie.Services.Racetracks.SpecFlow\Steps\Common,12,456,387,198,18,68,0,1,9,0,0
C:\Development\Selkie\Services\Racetracks\Selkie.Services.Racetracks.SpecFlow\obj,0,0,0,0,0,0,0,0,0,0,0
C:\Development\Selkie\Services\Racetracks\Selkie.Services.Racetracks.SpecFlow\obj\Debug,0,0,0,0,0,0,0,0,0,0,0
C:\Development\Selkie\Services\Racetracks\Selkie.Services.Racetracks.SpecFlow\obj\Release,0,0,0,0,0,0,0,0,0,0,0
C:\Development\Selkie\Services\Racetracks\Selkie.Services.Racetracks.Tests,25,3783,2993,1345,40,564,0,226,335,0,0
C:\Development\Selkie\Services\Racetracks\Selkie.Services.Racetracks.Tests\Converters,16,2066,1663,786,37,316,0,87,87,0,0
C:\Development\Selkie\Services\Racetracks\Selkie.Services.Racetracks.Tests\Converters\Dtos,9,1001,750,366,26,164,0,87,87,0,0
C:\Development\Selkie\Services\Racetracks\Selkie.Services.Racetracks.Tests\Properties,1,39,14,2,0,8,0,17,120,0,0
C:\Development\Selkie\Services\Racetracks\Selkie.Services.Racetracks.Tests\obj,0,0,0,0,0,0,0,0,0,0,0
C:\Development\Selkie\Services\Racetracks\Selkie.Services.Racetracks.Tests\obj\Debug,0,0,0,0,0,0,0,0,0,0,0
C:\Development\Selkie\Services\Racetracks\Selkie.Services.Racetracks.Tests\obj\Release,0,0,0,0,0,0,0,0,0,0,0
C:\Development\Selkie\Services\Racetracks\Selkie.Services.Racetracks.Windows.Service,8,379,279,150,8,52,1,48,233,0,0
C:\Development\Selkie\Services\Racetracks\Selkie.Services.Racetracks.Windows.Service\Properties,1,39,14,2,0,8,0,17,120,0,0
C:\Development\Selkie\Services\Racetracks\Selkie.Services.Racetracks.Windows.Service\obj,0,0,0,0,0,0,0,0,0,0,0
C:\Development\Selkie\Services\Racetracks\Selkie.Services.Racetracks.Windows.Service\obj\Debug,0,0,0,0,0,0,0,0,0,0,0
C:\Development\Selkie\Services\Racetracks\Selkie.Services.Racetracks.Windows.Service\obj\Release,0,0,0,0,0,0,0,0,0,0,0
C:\Development\Selkie\Services\Racetracks\Selkie.Services.Racetracks\Converters,15,980,841,437,73,139,1,0,8,0,0
C:\Development\Selkie\Services\Racetracks\Selkie.Services.Racetracks\Converters\Dtos,9,560,486,257,36,74,1,0,8,0,0
C:\Development\Selkie\Services\Racetracks\Selkie.Services.Racetracks\Interfaces,23,285,252,139,0,33,0,0,0,0,0
C:\Development\Selkie\Services\Racetracks\Selkie.Services.Racetracks\Interfaces\Converters,14,178,157,86,0,21,0,0,0,0,0
C:\Development\Selkie\Services\Racetracks\Selkie.Services.Racetracks\Interfaces\Converters\Dtos,7,93,82,46,0,11,0,0,0,0,0
C:\Development\Selkie\Services\Racetracks\Selkie.Services.Racetracks\Properties,1,41,16,3,0,8,0,17,120,0,0
C:\Development\Selkie\Services\Racetracks\Selkie.Services.Racetracks\TypedFactories,2,26,23,14,0,3,0,0,0,0,0
C:\Development\Selkie\Services\Racetracks\Selkie.Services.Racetracks\obj,0,0,0,0,0,0,0,0,0,0,0
C:\Development\Selkie\Services\Racetracks\Selkie.Services.Racetracks\obj\Debug,0,0,0,0,0,0,0,0,0,0,0
C:\Development\Selkie\Services\Racetracks\Selkie.Services.Racetracks\obj\Release,0,0,0,0,0,0,0,0,0,0,0
C:\Development\Selkie\Services\Racetracks\packages,1,79,54,24,1,14,1,11,44,0,1
C:\Development\Selkie\Services\Racetracks\packages\SpecFlow.NUnit.Runners.1.0.0,1,79,54,24,1,14,1,11,44,0,1
C:\Development\Selkie\Services\Racetracks\packages\SpecFlow.NUnit.Runners.1.0.0\content,1,79,54,24,1,14,1,11,44,0,1
C:\Development\Selkie\Tools,32,2912,1964,985,161,504,2,444,2675,72,180
C:\Development\Selkie\Tools\Custom,32,2912,1964,985,161,504,2,444,2675,72,180
C:\Development\Selkie\Tools\Custom\Source,32,2912,1964,985,161,504,2,444,2675,72,180
C:\Development\Selkie\Tools\Custom\Source\DependencyUpdater,14,1564,1192,557,59,306,0,66,385,0,0
C:\Development\Selkie\Tools\Custom\Source\DependencyUpdater\Selkie.NuGet.DependencyUpdater,2,83,51,26,1,15,0,17,120,0,0
C:\Development\Selkie\Tools\Custom\Source\DependencyUpdater\Selkie.NuGet.DependencyUpdater\Properties,1,39,14,2,0,8,0,17,120,0,0
C:\Development\Selkie\Tools\Custom\Source\DependencyUpdater\Selkie.NuGet.DependencyUpdater\obj,0,0,0,0,0,0,0,0,0,0,0
C:\Development\Selkie\Tools\Custom\Source\DependencyUpdater\Selkie.NuGet.DependencyUpdater\obj\Debug,0,0,0,0,0,0,0,0,0,0,0
C:\Development\Selkie\Tools\Custom\Source\DependencyUpdater\Selkie.NuGet.PackageToDependency,8,517,399,185,38,86,0,32,145,0,0
C:\Development\Selkie\Tools\Custom\Source\DependencyUpdater\Selkie.NuGet.PackageToDependency.Tests,4,964,742,346,20,205,0,17,120,0,0
C:\Development\Selkie\Tools\Custom\Source\DependencyUpdater\Selkie.NuGet.PackageToDependency.Tests\Properties,1,39,14,2,0,8,0,17,120,0,0
C:\Development\Selkie\Tools\Custom\Source\DependencyUpdater\Selkie.NuGet.PackageToDependency.Tests\obj,0,0,0,0,0,0,0,0,0,0,0
C:\Development\Selkie\Tools\Custom\Source\DependencyUpdater\Selkie.NuGet.PackageToDependency.Tests\obj\Debug,0,0,0,0,0,0,0,0,0,0,0
C:\Development\Selkie\Tools\Custom\Source\DependencyUpdater\Selkie.NuGet.PackageToDependency\Properties,1,41,16,3,0,8,0,17,120,0,0
C:\Development\Selkie\Tools\Custom\Source\DependencyUpdater\Selkie.NuGet.PackageToDependency\obj,0,0,0,0,0,0,0,0,0,0,0
C:\Development\Selkie\Tools\Custom\Source\DependencyUpdater\Selkie.NuGet.PackageToDependency\obj\Debug,0,0,0,0,0,0,0,0,0,0,0
C:\Development\Selkie\Tools\Custom\Source\DoesDllContainTests,4,175,111,47,14,30,0,34,240,0,0
C:\Development\Selkie\Tools\Custom\Source\DoesDllContainTests\IsNUnitDll,2,80,47,21,5,16,0,17,120,0,0
C:\Development\Selkie\Tools\Custom\Source\DoesDllContainTests\IsNUnitDll\Properties,1,39,14,2,0,8,0,17,120,0,0
C:\Development\Selkie\Tools\Custom\Source\DoesDllContainTests\IsXUnitDll,2,95,64,26,9,14,0,17,120,0,0
C:\Development\Selkie\Tools\Custom\Source\DoesDllContainTests\IsXUnitDll\Properties,1,39,14,2,0,8,0,17,120,0,0
C:\Development\Selkie\Tools\Custom\Source\VersionVDProj,14,1173,661,381,88,168,2,344,2050,72,180
C:\Development\Selkie\Tools\Custom\Source\VersionVDProj\Backup,7,576,331,192,45,83,1,162,950,36,90
C:\Development\Selkie\Tools\Custom\Source\VersionVDProj\obj,0,0,0,0,0,0,0,0,0,0,0
C:\Development\Selkie\Tools\Custom\Source\VersionVDProj\obj\Debug,0,0,0,0,0,0,0,0,0,0,0
C:\Development\Selkie\WPF,495,35656,27174,13632,654,5491,30,2991,7941,0,10
C:\Development\Selkie\WPF\Infrastructure,9,494,286,148,9,82,4,126,668,0,2
C:\Development\Selkie\WPF\Infrastructure\Properties,3,147,66,28,4,24,4,57,355,0,2
C:\Development\Selkie\WPF\Selkie.Framework,32,1998,1658,895,89,320,7,20,170,0,0
C:\Development\Selkie\WPF\Selkie.Framework.Common,27,476,401,190,13,57,2,18,134,0,0
C:\Development\Selkie\WPF\Selkie.Framework.Common.Tests,2,641,437,215,1,109,0,95,198,0,0
C:\Development\Selkie\WPF\Selkie.Framework.Common.Tests\Properties,1,39,14,2,0,8,0,17,120,0,0
C:\Development\Selkie\WPF\Selkie.Framework.Common.Tests\obj,0,0,0,0,0,0,0,0,0,0,0
C:\Development\Selkie\WPF\Selkie.Framework.Common.Tests\obj\Debug,0,0,0,0,0,0,0,0,0,0,0
C:\Development\Selkie\WPF\Selkie.Framework.Common.Tests\obj\Release,0,0,0,0,0,0,0,0,0,0,0
C:\Development\Selkie\WPF\Selkie.Framework.Common\Messages,25,320,292,137,4,27,1,1,8,0,0
C:\Development\Selkie\WPF\Selkie.Framework.Common\Properties,1,39,14,2,0,8,0,17,120,0,0
C:\Development\Selkie\WPF\Selkie.Framework.Common\obj,0,0,0,0,0,0,0,0,0,0,0
C:\Development\Selkie\WPF\Selkie.Framework.Common\obj\Debug,0,0,0,0,0,0,0,0,0,0,0
C:\Development\Selkie\WPF\Selkie.Framework.Common\obj\Release,0,0,0,0,0,0,0,0,0,0,0
C:\Development\Selkie\WPF\Selkie.Framework.Interfaces,25,355,292,155,0,46,0,17,120,0,0
C:\Development\Selkie\WPF\Selkie.Framework.Interfaces\Aco,3,35,32,20,0,3,0,0,0,0,0
C:\Development\Selkie\WPF\Selkie.Framework.Interfaces\Converters,3,38,34,18,0,4,0,0,0,0,0
C:\Development\Selkie\WPF\Selkie.Framework.Interfaces\Properties,1,39,14,2,0,8,0,17,120,0,0
C:\Development\Selkie\WPF\Selkie.Framework.Interfaces\obj,0,0,0,0,0,0,0,0,0,0,0
C:\Development\Selkie\WPF\Selkie.Framework.Interfaces\obj\Debug,0,0,0,0,0,0,0,0,0,0,0
C:\Development\Selkie\WPF\Selkie.Framework.Interfaces\obj\Release,0,0,0,0,0,0,0,0,0,0,0
C:\Development\Selkie\WPF\Selkie.Framework.Tests,25,4359,3306,1370,42,565,1,488,626,0,0
C:\Development\Selkie\WPF\Selkie.Framework.Tests\Aco,6,1571,1163,476,12,206,0,202,210,0,0
C:\Development\Selkie\WPF\Selkie.Framework.Tests\Converters,5,1047,802,341,16,134,1,111,114,0,0
C:\Development\Selkie\WPF\Selkie.Framework.Tests\Properties,1,39,14,2,0,8,0,17,120,0,0
C:\Development\Selkie\WPF\Selkie.Framework.Tests\Services,4,138,128,66,0,10,0,0,0,0,0
C:\Development\Selkie\WPF\Selkie.Framework.Tests\Services\Handlers,4,138,128,66,0,10,0,0,0,0,0
C:\Development\Selkie\WPF\Selkie.Framework.Tests\obj,0,0,0,0,0,0,0,0,0,0,0
C:\Development\Selkie\WPF\Selkie.Framework.Tests\obj\Debug,0,0,0,0,0,0,0,0,0,0,0
C:\Development\Selkie\WPF\Selkie.Framework.Tests\obj\Release,0,0,0,0,0,0,0,0,0,0,0
C:\Development\Selkie\WPF\Selkie.Framework\Aco,4,270,221,122,10,48,2,1,16,0,0
C:\Development\Selkie\WPF\Selkie.Framework\Converters,10,525,450,233,36,74,0,1,4,0,0
C:\Development\Selkie\WPF\Selkie.Framework\Messages,1,8,8,4,0,0,0,0,0,0,0
C:\Development\Selkie\WPF\Selkie.Framework\Properties,1,41,16,3,0,8,0,17,120,0,0
C:\Development\Selkie\WPF\Selkie.Framework\Services,4,121,108,54,0,13,0,0,0,0,0
C:\Development\Selkie\WPF\Selkie.Framework\Services\Handlers,4,121,108,54,0,13,0,0,0,0,0
C:\Development\Selkie\WPF\Selkie.Framework\obj,0,0,0,0,0,0,0,0,0,0,0
C:\Development\Selkie\WPF\Selkie.Framework\obj\Debug,0,0,0,0,0,0,0,0,0,0,0
C:\Development\Selkie\WPF\Selkie.Framework\obj\Release,0,0,0,0,0,0,0,0,0,0,0
C:\Development\Selkie\WPF\Selkie.WPF.Application,14,787,514,282,29,127,9,146,672,0,5
C:\Development\Selkie\WPF\Selkie.WPF.Application.Setup.CustomInstaller,3,137,90,41,2,19,1,28,176,0,0
C:\Development\Selkie\WPF\Selkie.WPF.Application.Setup.CustomInstaller\Properties,1,39,14,2,0,8,0,17,120,0,0
C:\Development\Selkie\WPF\Selkie.WPF.Application.Setup.CustomInstaller\obj,0,0,0,0,0,0,0,0,0,0,0
C:\Development\Selkie\WPF\Selkie.WPF.Application.Setup.CustomInstaller\obj\Debug,0,0,0,0,0,0,0,0,0,0,0
C:\Development\Selkie\WPF\Selkie.WPF.Application\Properties,3,155,72,35,4,26,4,57,355,0,2
C:\Development\Selkie\WPF\Selkie.WPF.Application\Windsor,4,344,274,132,22,51,2,19,91,0,0
C:\Development\Selkie\WPF\Selkie.WPF.Application\obj,6,207,102,75,0,36,3,69,222,0,3
C:\Development\Selkie\WPF\Selkie.WPF.Application\obj\Debug,4,138,68,50,0,24,2,46,148,0,2
C:\Development\Selkie\WPF\Selkie.WPF.Application\obj\Release,2,69,34,25,0,12,1,23,74,0,1
C:\Development\Selkie\WPF\Selkie.WPF.Common,13,1060,896,443,85,144,0,20,130,0,0
C:\Development\Selkie\WPF\Selkie.WPF.Common.Interfaces,20,280,230,134,0,33,0,17,120,0,0
C:\Development\Selkie\WPF\Selkie.WPF.Common.Interfaces\Converters,6,79,70,42,0,9,0,0,0,0,0
C:\Development\Selkie\WPF\Selkie.WPF.Common.Interfaces\Properties,1,39,14,2,0,8,0,17,120,0,0
C:\Development\Selkie\WPF\Selkie.WPF.Common.Interfaces\Windsor,4,34,32,16,0,2,0,0,0,0,0
C:\Development\Selkie\WPF\Selkie.WPF.Common.Interfaces\obj,0,0,0,0,0,0,0,0,0,0,0
C:\Development\Selkie\WPF\Selkie.WPF.Common.Interfaces\obj\Debug,0,0,0,0,0,0,0,0,0,0,0
C:\Development\Selkie\WPF\Selkie.WPF.Common.Interfaces\obj\Release,0,0,0,0,0,0,0,0,0,0,0
C:\Development\Selkie\WPF\Selkie.WPF.Common.Tests,10,1711,1311,547,2,251,0,149,252,0,0
C:\Development\Selkie\WPF\Selkie.WPF.Common.Tests\Converters,6,896,690,291,0,128,0,78,78,0,0
C:\Development\Selkie\WPF\Selkie.WPF.Common.Tests\Properties,1,39,14,2,0,8,0,17,120,0,0
C:\Development\Selkie\WPF\Selkie.WPF.Common.Tests\obj,0,0,0,0,0,0,0,0,0,0,0
C:\Development\Selkie\WPF\Selkie.WPF.Common.Tests\obj\Debug,0,0,0,0,0,0,0,0,0,0,0
C:\Development\Selkie\WPF\Selkie.WPF.Common.Tests\obj\Release,0,0,0,0,0,0,0,0,0,0,0
C:\Development\Selkie\WPF\Selkie.WPF.Common\Converters,6,422,368,177,34,54,0,0,0,0,0
C:\Development\Selkie\WPF\Selkie.WPF.Common\Properties,1,41,16,3,0,8,0,17,120,0,0
C:\Development\Selkie\WPF\Selkie.WPF.Common\obj,0,0,0,0,0,0,0,0,0,0,0
C:\Development\Selkie\WPF\Selkie.WPF.Common\obj\Debug,0,0,0,0,0,0,0,0,0,0,0
C:\Development\Selkie\WPF\Selkie.WPF.Common\obj\Release,0,0,0,0,0,0,0,0,0,0,0
C:\Development\Selkie\WPF\Selkie.WPF.Converters,20,1835,1534,785,125,282,0,19,132,0,0
C:\Development\Selkie\WPF\Selkie.WPF.Converters.Interfaces,24,371,304,165,0,50,0,17,120,0,0
C:\Development\Selkie\WPF\Selkie.WPF.Converters.Interfaces\Properties,1,39,14,2,0,8,0,17,120,0,0
C:\Development\Selkie\WPF\Selkie.WPF.Converters.Interfaces\obj,0,0,0,0,0,0,0,0,0,0,0
C:\Development\Selkie\WPF\Selkie.WPF.Converters.Interfaces\obj\Debug,0,0,0,0,0,0,0,0,0,0,0
C:\Development\Selkie\WPF\Selkie.WPF.Converters.Interfaces\obj\Release,0,0,0,0,0,0,0,0,0,0,0
C:\Development\Selkie\WPF\Selkie.WPF.Converters.Tests,18,4145,3411,1591,18,716,0,18,124,0,0
C:\Development\Selkie\WPF\Selkie.WPF.Converters.Tests\Properties,1,39,14,2,0,8,0,17,120,0,0
C:\Development\Selkie\WPF\Selkie.WPF.Converters.Tests\obj,0,0,0,0,0,0,0,0,0,0,0
C:\Development\Selkie\WPF\Selkie.WPF.Converters.Tests\obj\Debug,0,0,0,0,0,0,0,0,0,0,0
C:\Development\Selkie\WPF\Selkie.WPF.Converters.Tests\obj\Release,0,0,0,0,0,0,0,0,0,0,0
C:\Development\Selkie\WPF\Selkie.WPF.Converters\Properties,1,41,16,3,0,8,0,17,120,0,0
C:\Development\Selkie\WPF\Selkie.WPF.Converters\obj,0,0,0,0,0,0,0,0,0,0,0
C:\Development\Selkie\WPF\Selkie.WPF.Converters\obj\Debug,0,0,0,0,0,0,0,0,0,0,0
C:\Development\Selkie\WPF\Selkie.WPF.Converters\obj\Release,0,0,0,0,0,0,0,0,0,0,0
C:\Development\Selkie\WPF\Selkie.WPF.Models,27,1912,1579,855,65,316,0,17,120,0,0
C:\Development\Selkie\WPF\Selkie.WPF.Models.Common,27,238,208,86,0,13,0,17,120,0,0
C:\Development\Selkie\WPF\Selkie.WPF.Models.Common\Messages,26,199,194,84,0,5,0,0,0,0,0
C:\Development\Selkie\WPF\Selkie.WPF.Models.Common\Properties,1,39,14,2,0,8,0,17,120,0,0
C:\Development\Selkie\WPF\Selkie.WPF.Models.Common\obj,0,0,0,0,0,0,0,0,0,0,0
C:\Development\Selkie\WPF\Selkie.WPF.Models.Common\obj\Debug,0,0,0,0,0,0,0,0,0,0,0
C:\Development\Selkie\WPF\Selkie.WPF.Models.Common\obj\Release,0,0,0,0,0,0,0,0,0,0,0
C:\Development\Selkie\WPF\Selkie.WPF.Models.Interfaces,25,319,268,136,0,34,0,17,120,0,0
C:\Development\Selkie\WPF\Selkie.WPF.Models.Interfaces\Mapping,8,101,91,48,0,10,0,0,0,0,0
C:\Development\Selkie\WPF\Selkie.WPF.Models.Interfaces\Properties,1,39,14,2,0,8,0,17,120,0,0
C:\Development\Selkie\WPF\Selkie.WPF.Models.Interfaces\obj,0,0,0,0,0,0,0,0,0,0,0
C:\Development\Selkie\WPF\Selkie.WPF.Models.Interfaces\obj\Debug,0,0,0,0,0,0,0,0,0,0,0
C:\Development\Selkie\WPF\Selkie.WPF.Models.Interfaces\obj\Release,0,0,0,0,0,0,0,0,0,0,0
C:\Development\Selkie\WPF\Selkie.WPF.Models.Tests,24,3897,2934,1391,25,631,1,332,443,0,0
C:\Development\Selkie\WPF\Selkie.WPF.Models.Tests\Control,1,433,285,133,0,76,0,72,72,0,0
C:\Development\Selkie\WPF\Selkie.WPF.Models.Tests\Handlers,2,156,122,59,3,22,0,12,12,0,0
C:\Development\Selkie\WPF\Selkie.WPF.Models.Tests\Mapping,10,1454,1155,586,11,236,1,63,71,0,0
C:\Development\Selkie\WPF\Selkie.WPF.Models.Tests\Pheromones,1,400,260,121,2,65,0,75,75,0,0
C:\Development\Selkie\WPF\Selkie.WPF.Models.Tests\Properties,1,39,14,2,0,8,0,17,120,0,0
C:\Development\Selkie\WPF\Selkie.WPF.Models.Tests\Settings,5,710,525,250,5,110,0,75,75,0,0
C:\Development\Selkie\WPF\Selkie.WPF.Models.Tests\Status,2,177,130,69,0,29,0,18,18,0,0
C:\Development\Selkie\WPF\Selkie.WPF.Models.Tests\TrailHistory,2,528,443,171,4,85,0,0,0,0,0
C:\Development\Selkie\WPF\Selkie.WPF.Models.Tests\obj,0,0,0,0,0,0,0,0,0,0,0
C:\Development\Selkie\WPF\Selkie.WPF.Models.Tests\obj\Debug,0,0,0,0,0,0,0,0,0,0,0
C:\Development\Selkie\WPF\Selkie.WPF.Models.Tests\obj\Release,0,0,0,0,0,0,0,0,0,0,0
C:\Development\Selkie\WPF\Selkie.WPF.Models\Control,1,183,146,80,2,37,0,0,0,0,0
C:\Development\Selkie\WPF\Selkie.WPF.Models\Handlers,3,100,84,51,6,16,0,0,0,0,0
C:\Development\Selkie\WPF\Selkie.WPF.Models\Mapping,10,726,609,341,31,117,0,0,0,0,0
C:\Development\Selkie\WPF\Selkie.WPF.Models\Pheromones,1,107,89,53,1,18,0,0,0,0,0
C:\Development\Selkie\WPF\Selkie.WPF.Models\Properties,1,41,16,3,0,8,0,17,120,0,0
C:\Development\Selkie\WPF\Selkie.WPF.Models\Settings,5,294,245,135,6,49,0,0,0,0,0
C:\Development\Selkie\WPF\Selkie.WPF.Models\Status,2,88,69,41,0,19,0,0,0,0,0
C:\Development\Selkie\WPF\Selkie.WPF.Models\TrailHistory,2,318,271,135,19,47,0,0,0,0,0
C:\Development\Selkie\WPF\Selkie.WPF.Models\obj,0,0,0,0,0,0,0,0,0,0,0
C:\Development\Selkie\WPF\Selkie.WPF.Models\obj\Debug,0,0,0,0,0,0,0,0,0,0,0
C:\Development\Selkie\WPF\Selkie.WPF.Models\obj\Release,0,0,0,0,0,0,0,0,0,0,0
C:\Development\Selkie\WPF\Selkie.WPF.UserControls,45,2453,1608,983,33,382,1,463,1362,0,1
C:\Development\Selkie\WPF\Selkie.WPF.UserControls\Properties,1,39,14,2,0,8,0,17,120,0,0
C:\Development\Selkie\WPF\Selkie.WPF.UserControls\obj,30,2232,1426,911,33,360,1,446,1242,0,1
C:\Development\Selkie\WPF\Selkie.WPF.UserControls\obj\Debug,30,2232,1426,911,33,360,1,446,1242,0,1
C:\Development\Selkie\WPF\Selkie.WPF.ViewModels,28,1865,1570,838,66,273,2,22,151,0,0
C:\Development\Selkie\WPF\Selkie.WPF.ViewModels.Interfaces,12,184,148,91,0,19,0,17,120,0,0
C:\Development\Selkie\WPF\Selkie.WPF.ViewModels.Interfaces\Properties,1,39,14,2,0,8,0,17,120,0,0
C:\Development\Selkie\WPF\Selkie.WPF.ViewModels.Interfaces\Settings,2,28,26,18,0,2,0,0,0,0,0
C:\Development\Selkie\WPF\Selkie.WPF.ViewModels.Interfaces\obj,0,0,0,0,0,0,0,0,0,0,0
C:\Development\Selkie\WPF\Selkie.WPF.ViewModels.Interfaces\obj\Debug,0,0,0,0,0,0,0,0,0,0,0
C:\Development\Selkie\WPF\Selkie.WPF.ViewModels.Interfaces\obj\Release,0,0,0,0,0,0,0,0,0,0,0
C:\Development\Selkie\WPF\Selkie.WPF.ViewModels.Tests,23,3992,2760,1431,13,690,0,542,651,0,0
C:\Development\Selkie\WPF\Selkie.WPF.ViewModels.Tests\Control,1,636,416,219,1,118,0,102,102,0,0
C:\Development\Selkie\WPF\Selkie.WPF.ViewModels.Tests\Mapping,9,1045,736,443,1,186,0,123,123,0,0
C:\Development\Selkie\WPF\Selkie.WPF.ViewModels.Tests\Mapping\Handlers,8,677,504,316,0,116,0,57,57,0,0
C:\Development\Selkie\WPF\Selkie.WPF.ViewModels.Tests\Pheromones,1,338,213,109,0,59,0,66,66,0,0
C:\Development\Selkie\WPF\Selkie.WPF.ViewModels.Tests\Properties,1,39,14,2,0,8,0,17,120,0,0
C:\Development\Selkie\WPF\Selkie.WPF.ViewModels.Tests\Settings,2,1011,666,308,3,169,0,176,176,0,0
C:\Development\Selkie\WPF\Selkie.WPF.ViewModels.Tests\Status,1,251,172,87,0,37,0,42,42,0,0
C:\Development\Selkie\WPF\Selkie.WPF.ViewModels.Tests\TrailHistory,3,418,331,157,4,72,0,15,15,0,0
C:\Development\Selkie\WPF\Selkie.WPF.ViewModels.Tests\TrailHistory\Converters,1,157,126,64,1,31,0,0,0,0,0
C:\Development\Selkie\WPF\Selkie.WPF.ViewModels.Tests\obj,0,0,0,0,0,0,0,0,0,0,0
C:\Development\Selkie\WPF\Selkie.WPF.ViewModels.Tests\obj\Debug,0,0,0,0,0,0,0,0,0,0,0
C:\Development\Selkie\WPF\Selkie.WPF.ViewModels.Tests\obj\Release,0,0,0,0,0,0,0,0,0,0,0
C:\Development\Selkie\WPF\Selkie.WPF.ViewModels\Control,1,216,183,98,14,32,0,1,11,0,0
C:\Development\Selkie\WPF\Selkie.WPF.ViewModels\Mapping,11,443,373,213,2,67,0,3,6,0,0
C:\Development\Selkie\WPF\Selkie.WPF.ViewModels\Mapping\Handlers,10,316,274,147,1,39,0,3,6,0,0
C:\Development\Selkie\WPF\Selkie.WPF.ViewModels\Pheromones,1,130,113,68,5,17,0,0,0,0,0
C:\Development\Selkie\WPF\Selkie.WPF.ViewModels\Properties,1,41,16,3,0,8,0,17,120,0,0
C:\Development\Selkie\WPF\Selkie.WPF.ViewModels\Settings,2,368,307,168,20,60,1,1,10,0,0
C:\Development\Selkie\WPF\Selkie.WPF.ViewModels\Status,1,99,81,45,3,18,0,0,0,0,0
C:\Development\Selkie\WPF\Selkie.WPF.ViewModels\TrailHistory,5,324,284,147,17,40,0,0,0,0,0
C:\Development\Selkie\WPF\Selkie.WPF.ViewModels\TrailHistory\Converters,2,113,97,50,5,16,0,0,0,0,0
C:\Development\Selkie\WPF\Selkie.WPF.ViewModels\obj,0,0,0,0,0,0,0,0,0,0,0
C:\Development\Selkie\WPF\Selkie.WPF.ViewModels\obj\Debug,0,0,0,0,0,0,0,0,0,0,0
C:\Development\Selkie\WPF\Selkie.WPF.ViewModels\obj\Release,0,0,0,0,0,0,0,0,0,0,0
C:\Development\Selkie\WPF\Selkie.WPF.Views,34,2052,1366,837,37,317,2,369,1092,0,2
C:\Development\Selkie\WPF\Selkie.WPF.Views.Interfaces,8,95,63,23,0,15,0,17,120,0,0
C:\Development\Selkie\WPF\Selkie.WPF.Views.Interfaces\Properties,1,39,14,2,0,8,0,17,120,0,0
C:\Development\Selkie\WPF\Selkie.WPF.Views.Interfaces\obj,0,0,0,0,0,0,0,0,0,0,0
C:\Development\Selkie\WPF\Selkie.WPF.Views.Interfaces\obj\Debug,0,0,0,0,0,0,0,0,0,0,0
C:\Development\Selkie\WPF\Selkie.WPF.Views\Properties,1,39,14,2,0,8,0,17,120,0,0
C:\Development\Selkie\WPF\Selkie.WPF.Views\obj,23,1773,1137,716,33,284,2,352,972,0,2
C:\Development\Selkie\WPF\Selkie.WPF.Views\obj\Debug,18,1376,890,563,25,220,1,266,738,0,1
C:\Development\Selkie\WPF\Selkie.WPF.Views\obj\Release,5,397,247,153,8,64,1,86,234,0,1
C:\Development\Selkie\Windsor,47,2048,1565,730,43,334,2,149,801,0,0
C:\Development\Selkie\Windsor\NuGet.Selkie.Windsor,1,39,14,2,0,8,0,17,120,0,0
C:\Development\Selkie\Windsor\NuGet.Selkie.Windsor\Properties,1,39,14,2,0,8,0,17,120,0,0
C:\Development\Selkie\Windsor\NuGet.Selkie.Windsor\obj,0,0,0,0,0,0,0,0,0,0,0
C:\Development\Selkie\Windsor\NuGet.Selkie.Windsor\obj\Debug,0,0,0,0,0,0,0,0,0,0,0
C:\Development\Selkie\Windsor\Selkie.Windsor,16,898,727,339,39,153,2,18,148,0,0
C:\Development\Selkie\Windsor\Selkie.Windsor.Example,7,219,162,96,1,40,0,17,120,0,0
C:\Development\Selkie\Windsor\Selkie.Windsor.Example\Properties,1,39,14,2,0,8,0,17,120,0,0
C:\Development\Selkie\Windsor\Selkie.Windsor.Example\obj,0,0,0,0,0,0,0,0,0,0,0
C:\Development\Selkie\Windsor\Selkie.Windsor.Example\obj\Debug,0,0,0,0,0,0,0,0,0,0,0
C:\Development\Selkie\Windsor\Selkie.Windsor.Examples.Library,6,121,87,35,1,17,0,17,120,0,0
C:\Development\Selkie\Windsor\Selkie.Windsor.Examples.Library\Properties,1,39,14,2,0,8,0,17,120,0,0
C:\Development\Selkie\Windsor\Selkie.Windsor.Examples.Library\obj,0,0,0,0,0,0,0,0,0,0,0
C:\Development\Selkie\Windsor\Selkie.Windsor.Examples.Library\obj\Debug,0,0,0,0,0,0,0,0,0,0,0
C:\Development\Selkie\Windsor\Selkie.Windsor.Interfaces,0,0,0,0,0,0,0,0,0,0,0
C:\Development\Selkie\Windsor\Selkie.Windsor.Interfaces\obj,0,0,0,0,0,0,0,0,0,0,0
C:\Development\Selkie\Windsor\Selkie.Windsor.Interfaces\obj\Debug,0,0,0,0,0,0,0,0,0,0,0
C:\Development\Selkie\Windsor\Selkie.Windsor.Tests,11,653,490,225,1,100,0,63,173,0,0
C:\Development\Selkie\Windsor\Selkie.Windsor.Tests.Library,6,118,85,33,1,16,0,17,120,0,0
C:\Development\Selkie\Windsor\Selkie.Windsor.Tests.Library\Properties,1,39,14,2,0,8,0,17,120,0,0
C:\Development\Selkie\Windsor\Selkie.Windsor.Tests.Library\obj,0,0,0,0,0,0,0,0,0,0,0
C:\Development\Selkie\Windsor\Selkie.Windsor.Tests.Library\obj\Debug,0,0,0,0,0,0,0,0,0,0,0
C:\Development\Selkie\Windsor\Selkie.Windsor.Tests\Extensions,1,22,20,9,0,2,0,0,0,0,0
C:\Development\Selkie\Windsor\Selkie.Windsor.Tests\Properties,1,39,14,2,0,8,0,17,120,0,0
C:\Development\Selkie\Windsor\Selkie.Windsor.Tests\obj,0,0,0,0,0,0,0,0,0,0,0
C:\Development\Selkie\Windsor\Selkie.Windsor.Tests\obj\Debug,0,0,0,0,0,0,0,0,0,0,0
C:\Development\Selkie\Windsor\Selkie.Windsor\Extensions,1,18,17,6,1,1,0,0,0,0,0
C:\Development\Selkie\Windsor\Selkie.Windsor\Installers,3,60,55,28,3,5,0,0,0,0,0
C:\Development\Selkie\Windsor\Selkie.Windsor\Properties,1,39,14,2,0,8,0,17,120,0,0
C:\Development\Selkie\Windsor\Selkie.Windsor\obj,0,0,0,0,0,0,0,0,0,0,0
C:\Development\Selkie\Windsor\Selkie.Windsor\obj\Debug,0,0,0,0,0,0,0,0,0,0,0
C:\Development\Selkie\XUnit.Extensions,8,321,216,77,6,51,0,54,363,0,0
C:\Development\Selkie\XUnit.Extensions\NuGet.Selkie.XUnit.Extensions,1,39,14,2,0,8,0,17,120,0,0
C:\Development\Selkie\XUnit.Extensions\NuGet.Selkie.XUnit.Extensions\Properties,1,39,14,2,0,8,0,17,120,0,0
C:\Development\Selkie\XUnit.Extensions\Selkie.XUnit.Extensions,4,162,122,44,4,23,0,17,120,0,0
C:\Development\Selkie\XUnit.Extensions\Selkie.XUnit.Extensions.Tests,3,120,80,31,2,20,0,20,123,0,0
C:\Development\Selkie\XUnit.Extensions\Selkie.XUnit.Extensions.Tests\Properties,1,39,14,2,0,8,0,17,120,0,0
C:\Development\Selkie\XUnit.Extensions\Selkie.XUnit.Extensions.Tests\obj,0,0,0,0,0,0,0,0,0,0,0
C:\Development\Selkie\XUnit.Extensions\Selkie.XUnit.Extensions.Tests\obj\Debug,0,0,0,0,0,0,0,0,0,0,0
C:\Development\Selkie\XUnit.Extensions\Selkie.XUnit.Extensions\Properties,1,39,14,2,0,8,0,17,120,0,0
C:\Development\Selkie\XUnit.Extensions\Selkie.XUnit.Extensions\obj,0,0,0,0,0,0,0,0,0,0,0
C:\Development\Selkie\XUnit.Extensions\Selkie.XUnit.Extensions\obj\Debug,0,0,0,0,0,0,0,0,0,0,0
